image,num_eyes,avg_aspect_ratio,avg_brightness,avg_openness,symmetry_diff_aspect,symmetry_diff_brightness
103236168_1_jpg.rf.2bded9f38540d044d869715411694478.jpg,3,2.946127637145903,21.393888486991937,0.023237179487179488,,
1033312288_1_jpg.rf.ac50c1ab6779e58431f603ac75b04425.jpg,2,2.732142518920112,90.53006715506716,0.022836538461538464,1.964285329506866,49.17002442002442
10405299_1_jpg.rf.8b92a5234e3a201eab2008b1261dbfb8.jpg,2,2.8555552527160817,105.62811355311355,0.022836538461538464,0.5111110254321112,3.851465201465203
10407038_1_jpg.rf.b0714d3a756f2fc26e7a5f5d0738968f.jpg,4,4.4166661917989956,42.57609599395314,0.024038461538461536,,
104074861_1_jpg.rf.896750ec254cca5cfd508e84a06bc7b2.jpg,2,2.258333164027791,49.028503994190274,0.03245192307692307,0.01666670305555007,4.550835148874363
105300174_2_jpg.rf.a0b3233a25ba306367d09c4a2798752d.jpg,4,2.639141154188629,103.81255265580356,0.024639423076923076,,
105538305_1_jpg.rf.eb4b15dcd2c85d46d8903860f1ffc92d.jpg,2,1.9656749621090381,104.44382559660019,0.05048076923076923,0.27917616996476124,9.48501961425302
1063957157_1_jpg.rf.36e5bc28f32b24395ddeac6d3428ee05.jpg,2,1.590476135419503,98.51600378787879,0.06971153846153846,0.2476190352834473,6.552840909090918
107473045_1_jpg.rf.c85c55b422d3d0110da131331a78ecd6.jpg,2,2.9036795187051467,53.34542691825244,0.051682692307692304,0.28354977663930603,46.70399012550325
108349477_1_jpg.rf.be2731451aac2512bf4a4ae8a03be516.jpg,3,3.380951933673529,30.526318190111294,0.01842948717948718,,
1084919955_1_jpg.rf.411974ee9ea77a92a9a05c7d1ae0d45c.jpg,2,2.9238460390520755,78.67062503466252,0.06129807692307693,0.23230767869585867,0.9661183517275873
109172267_1_jpg.rf.f9dcb68c8f0766338c5da3d0216c39fb.jpg,1,3.374999578125053,53.52777777777778,0.019230769230769232,,
110592002_1_jpg.rf.29084d2f9968e801ca8c20816e6f0b07.jpg,2,2.0796701749939737,64.92440318302387,0.03245192307692307,0.3021977683552748,9.84880636604774
1129801707_1_jpg.rf.1a15e067f51a4cd9d905b11db9d98818.jpg,2,1.4924730693109045,52.83247623500078,0.07331730769230768,0.08172042582263872,8.416206950288291
1130084326_2_jpg.rf.cf25259edf0601e79d94306fce6b6de8.jpg,0,,,,,
114501272_1_jpg.rf.0a0e4234804ffed96859955dc392a4ea.jpg,2,3.3333330092592917,58.77141203703704,0.025240384615384616,9.259257449656388e-08,9.528009259259264
115774957_1_jpg.rf.29c594634e331ff05d7903f4089a53c7.jpg,2,3.2564098413873044,87.18500756000756,0.022836538461538464,0.8205124283367051,15.688196938196938
1167462532_1_jpg.rf.e4cfa042a26987e3fa10a80ef1b46474.jpg,2,2.563636119669445,36.451136363636365,0.025240384615384616,0.3272727193388416,7.752272727272725
117402372_1_jpg.rf.84fe1d70227bd93e11823047fb9ff4fd.jpg,3,3.2247749663666547,77.9575363233258,0.03044871794871795,,
118554337_1_jpg.rf.ead67bd359a18b92c9d95c2bd685a5a9.jpg,3,4.49184107026337,79.03662718048683,0.026442307692307692,,
118736733_1_jpg.rf.2d8d5a451c1d119a1ceb22fe66ff4463.jpg,7,3.9974484300579145,31.374418819111334,0.01854395604395604,,
1188369899_1_jpg.rf.07d10514a619794ff14bd07b28910748.jpg,2,1.749094128247417,81.73985180833007,0.056490384615384616,0.4148550516337177,9.53380989685337
121204156_1_jpg.rf.d9493ad8955115e1f632bca2776d11be.jpg,4,4.02115346741128,124.48579867733403,0.026442307692307692,,
1220825867_1_jpg.rf.2f4a53ffd32a7c6b942e45351838b992.jpg,3,2.036159763711525,91.26334888910954,0.03365384615384615,,
1234292822_1_jpg.rf.fbe49a286eebef67dc86eedeadb7db15.jpg,2,4.237499515312557,30.302777777777777,0.021634615384615384,1.2749997506250406,9.894444444444446
1238081332_1_jpg.rf.7234fea9775d31a737a02f01e66d14a0.jpg,4,2.54370606317752,68.89113660458847,0.027644230769230768,,
1238488784_1_jpg.rf.33962b39b98aee5c2f6b808c4bac64a3.jpg,4,2.7384917313552313,126.90435756373256,0.020432692307692304,,
124787194_1_jpg.rf.fd316daaddc07fab7669f2fd8833d156.jpg,2,3.4722218121142463,75.43301171274962,0.020432692307692308,0.05555550077161708,11.607094854070652
1263447841_1_jpg.rf.a925e0ac6e191c8cf63623c7fb229a9e.jpg,3,2.0190474652305492,62.318768420277046,0.03685897435897436,,
1265948983_1_jpg.rf.b32a09d335d0a1be2375fa06c3a39de4.jpg,3,3.598905375560674,86.33676324811036,0.03125,,
1271089376_1_jpg.rf.2b8594d03153a8bbc9402d6f76df42f5.jpg,5,2.710793334750856,115.04101606123345,0.021153846153846155,,
127627778_1_jpg.rf.73b4d241cb791dbdc49bbb13bbd262b6.jpg,2,3.8321675106851467,66.64999666999667,0.028846153846153848,0.02797207922146905,12.927698967698966
1308649036_1_jpg.rf.9eb7b6aaa54514dc90aa377245dbbf13.jpg,0,,,,,
1312213009_1_jpg.rf.f45c47ca1142a95e9eff4207e32aae13.jpg,3,2.7351848751183483,72.29061377430942,0.02163461538461538,,
1327964792_1_jpg.rf.9c6bbb493ddebacd0f127a092aee19f5.jpg,2,2.029411651520676,96.40251635280151,0.04326923076923077,0.05882351356765758,14.596629344258474
1328530642_1_jpg.rf.e2ba80d0189f52ecbbe117ac661832d2.jpg,2,3.3888885493827514,125.37069491366367,0.025240384615384616,1.444444209876576,28.086735172672675
133275413_1_jpg.rf.5cc4f6b2b0261b17f5b692d8ef11fa57.jpg,2,2.499999761904786,69.90122931888806,0.027644230769230768,0.9999998095238365,10.674907617367936
1336365736_1_jpg.rf.6ee3e1180788864cc4309c2d5ad36f74.jpg,2,3.8437497597656396,118.68688725490196,0.038461538461538464,1.3124999179687555,42.37377450980392
134979550_1_jpg.rf.7ee4da5085d76ff010e459408bbc938d.jpg,3,3.499999538690537,64.59077349080563,0.01842948717948718,,
135246139_1_jpg.rf.3befdeb2b340361d764cbb7705ea0dd0.jpg,2,2.4343431849811505,38.95525691699605,0.024038461538461536,0.6868685683093729,3.6705138339920964
13601448_1_jpg.rf.2ed1385e9f2f57ab151239405bb335ec.jpg,2,2.7090906509917603,24.110720730882022,0.025240384615384616,0.21818182198346836,1.8137491540717363
1372188757_1_jpg.rf.46cda80a191602f2abd7690fb0cfd4d4.jpg,1,5.999998500000375,182.78125,0.009615384615384616,,
1392458475_1_jpg.rf.36205342c2ee03dcc1f38560f8641597.jpg,2,3.291666185763961,34.23557692307692,0.01682692307692308,0.08333318402781886,30.471153846153847
1394430375_1_jpg.rf.0223fabbb95c2d5a24e2b1c6c2a92ba5.jpg,2,3.01136329868289,50.92674242424243,0.022836538461538464,1.4772724651343374,25.470151515151514
1409035501_2_jpg.rf.8efc67e100690910e0fc8fad907ccb62.jpg,5,3.974999473347298,111.67339043784145,0.01971153846153846,,
1419222657_1_jpg.rf.1350faaa86876843afd66525a0ea58ce.jpg,2,2.9249998537500073,32.642674180327866,0.04807692307692308,0.24999998750000074,6.122848360655734
1426553012_1_jpg.rf.110ad5a96b5aa8e7864504a3f52b2c6e.jpg,2,3.151785289700313,94.0090579710145,0.018028846153846152,0.5535712981505347,2.8985507246376727
1437632861_1_jpg.rf.4bebd64df340a02e377950cb3778b3e5.jpg,2,2.2824673437552865,50.61341244961935,0.03004807692307692,0.7077921058779004,7.201746529332738
1439641049_1_jpg.rf.ae5da4617655292ab9afbb7d0ef4c0fa.jpg,2,2.7124996896875357,64.83717391304349,0.021634615384615384,0.824999839375026,6.134347826086959
1440501186_1_jpg.rf.d32b5a4e5e96dcb255bea0754bbc6526.jpg,2,3.4999995000000714,64.88916666666667,0.016826923076923076,0.14285712244898274,2.566904761904766
144837725_1_jpg.rf.d3fdaf1fd29816007b1ed2c0bf93c69d.jpg,2,2.2202795329600633,74.86978761978762,0.028846153846153848,0.2867132316005745,2.767547267547272
1468798538_1_jpg.rf.acbddcad3f183ab1041447e66385f4fe.jpg,5,2.770706796574357,109.11350575350575,0.025,,
1470006576_1_jpg.rf.9f83f2c2d09e1e2f394b99b257cee9da.jpg,2,2.38888862345682,52.43323586744639,0.021634615384615384,0.5555554938271672,5.496101364522417
150324675_1_jpg.rf.7296b08e5f043e2bf285ca27f1ad69ea.jpg,2,5.149999457222281,74.11397624039134,0.022836538461538464,0.30000002555554683,11.990915443745635
1504594019_1_jpg.rf.c3195a19541186ce9eb6565b3c937864.jpg,3,3.1861468447968,22.874421596921596,0.022435897435897436,,
151902153_1_jpg.rf.cd30693e19f20a1babe33f9496ac1a15.jpg,3,2.4492421622469296,60.93758893280633,0.023237179487179488,,
1537303575_1_jpg.rf.32d288b03947b0e0081fd885566f9274.jpg,3,2.6636360924977325,127.90392484266658,0.024038461538461536,,
1599258772_1_jpg.rf.1868f0bda4943e850020c4b68009fb9c.jpg,4,4.134137122357396,99.42418352915084,0.03786057692307693,,
164866565_1_jpg.rf.df1d5fe6b1f7538bcd0603c66f9c9789.jpg,2,2.8749996406250453,78.40428571428572,0.019230769230769232,0.4999999375000077,6.951428571428565
16542667_1_jpg.rf.b77acd2845a5751671e7bb8c32af5be2.jpg,3,3.5108222233513477,145.78684124517457,0.029647435897435893,,
1657180938_1_jpg.rf.44b94d051c0422cb3658d6677c105229.jpg,4,2.504166488263902,85.97383533133534,0.03425480769230769,,
1700687106_1_jpg.rf.03f09b8d8ec14bc9a61b0514a3ee8634.jpg,2,2.2090906964463017,92.14737762237763,0.025240384615384616,0.7818180871074489,6.787062937062942
170803072_1_jpg.rf.e2cfb4b255d9e27ae20d9b126a243067.jpg,1,2.749999656250043,110.35795454545455,0.019230769230769232,,
171198578_2_jpg.rf.a18dd50841756575d66a99d8a5f55af9.jpg,4,1.9604946486767987,67.32898116940986,0.05108173076923077,,
17192052_1_jpg.rf.51fe61da495835328e86b40876b13995.jpg,2,3.2252744858109104,134.99889064423948,0.03245192307692307,0.16483513488709445,17.028192737495075
17464842_1_jpg.rf.452709bd78a532cfe23f7ec3d8fe6792.jpg,2,2.749999744047644,149.3587511547829,0.027644230769230768,0.4999998452381198,20.429436465944406
1757432712_1_jpg.rf.7a078e2de1cce54d3f5121b06ed9504a.jpg,2,3.73749957156255,67.84124423963134,0.021634615384615384,1.2749997631250376,43.488940092165905
178046512_1_jpg.rf.373d4fce8958eb7e94e55d63fbec8075.jpg,2,3.8055551766975695,100.76535087719299,0.025240384615384616,1.2777775478395395,37.28070175438596
179820698_1_jpg.rf.761c48f5ea06b2b7ff52b9b413dad01e.jpg,2,2.666666444444463,72.90143369175627,0.028846153846153848,0.1666666527777787,3.974910394265237
1801024299_2_jpg.rf.0d1b276503e52205d97d3522b34b539b.jpg,4,2.8303567856186684,124.99581912878787,0.019831730769230768,,
18467619_1_jpg.rf.5f95316494f594e691b1fa49c5085512.jpg,2,1.5544514663226903,56.9267100355803,0.08533653846153846,0.24403814520929368,8.890645976311028
185377791_1_jpg.rf.75cde1fcb5f8180abc386bc75ee3352f.jpg,2,3.9333330377778006,59.765726772030646,0.03245192307692307,0.13333325777778837,12.090074233716471
1868687324_1_jpg.rf.bfd094724417d37a75c7be765055da9a.jpg,1,2.499999750000025,90.244,0.02403846153846154,,
1887411993_1_jpg.rf.211f5e90141bfec30588571b2bfa1aa5.jpg,3,2.8875772328562888,126.34958132682338,0.041666666666666664,,
2005566839_3_jpg.rf.08fdd688522fecc3331614c4d9f27c72.jpg,4,2.3005950340654078,76.1186751201119,0.028846153846153848,,
20315024_1_jpg.rf.dcfdc87523bf0d96f3f20eb59e90cd6b.jpg,4,3.1160710485225813,60.37382934812101,0.020432692307692308,,
2064537523_1_jpg.rf.1235fef0a4e9f51f915819025a11b6ca.jpg,2,1.4578946702160696,72.64052631578947,0.052884615384615384,0.284210531567866,23.321052631578944
2070634156_1_jpg.rf.4e7c27c713217ae0234a26a6a0e0fb69.jpg,2,1.7142855918367434,108.89668367346938,0.03365384615384615,0.5714285306122477,41.82908163265304
2076592686_2_jpg.rf.4d3cd086fad8a279a3e9ad1d4aaa8ae3.jpg,6,2.649831412391736,42.12353503600003,0.028044871794871796,,
2078249976_1_jpg.rf.23e4029838cef362c5ef81890d9e9f23.jpg,2,1.8219696177829463,99.54066552250191,0.055288461538461536,0.18939393804522475,38.70814263920671
2097991401_1_jpg.rf.e4c87409b7ccb5c3318c63f51cf0b608.jpg,2,2.772221931419784,33.36436950146627,0.022836538461538464,0.6555555171604945,9.819648093841643
2102099439_1_jpg.rf.e95002720a580aa8b0f646aee722e486.jpg,1,2.499999750000025,63.2,0.02403846153846154,,
2106789492_1_jpg.rf.c6007f637deb51ce0414c31133a84c2c.jpg,2,1.7005346330750193,52.11004159239454,0.03365384615384615,0.12834229094339933,21.98775995246583
2108725174_1_jpg.rf.24791ad89c4fecf7d45b526885889993.jpg,3,2.668896200251504,87.31893431278115,0.05448717948717949,,
212409770_1_jpg.rf.53d33c41c6bf7b212e3919c6ecb71241.jpg,2,2.7992421789199025,73.51912598895358,0.027644230769230768,0.7651514272842155,1.3773324376772678
212515669_1_jpg.rf.82fa90d3c2df7cc6e5f0b1d4763bcf67.jpg,3,1.8020466742916474,99.01792870657034,0.04006410256410256,,
2139691983_1_jpg.rf.d4c0f1cb7e3a4ffb04fbdbfa23c63544.jpg,4,2.6624996946875354,71.09451486013985,0.021634615384615384,,
214778625_1_jpg.rf.156542448e906dbbaae912ee8411a651.jpg,3,2.353758031109504,71.29910366193262,0.040865384615384616,,
2150051470_2_jpg.rf.902a736ba939e77745a8cf05dc8f7c62.jpg,8,2.0648911910309398,65.34948632208247,0.03064903846153846,,
2158901099_1_jpg.rf.d1bf0bf1e1a289dc5627fe4389f5d060.jpg,2,3.041666401830831,52.14618233936416,0.027644230769230768,0.0833333491161583,11.900472786836424
2165005475_1_jpg.rf.45237c3c5d4605faabf1e5d58355e9a0.jpg,3,2.976307015492516,89.27074532575115,0.040865384615384616,,
218904413_1_jpg.rf.95e96d1b0efe7d6f97a697d39bfd60f4.jpg,4,1.854624399638281,56.55997651542006,0.031850961538461536,,
2204494382_2_jpg.rf.6a3f9129d368d89e463e6ea972e28f2b.jpg,3,3.5185180473251685,55.11772910731244,0.01923076923076923,,
2204502578_1_jpg.rf.d2d81ccc3d1a6937dda02b6c76c495d3.jpg,2,3.0460524755367113,34.43697705802969,0.046875,0.4078947239265931,46.82780026990554
2210716757_1_jpg.rf.3b4eee52cb6dba38691b7bf19d090b14.jpg,2,3.2249996306250432,85.79398148148148,0.021634615384615384,1.0499998012500318,27.528703703703712
2210851928_1_jpg.rf.100860a1f35c6a467b26d98c36ff8781.jpg,3,3.8085898943237537,89.46235386996257,0.044070512820512824,,
2231190459_1_jpg.rf.c2c7c5b395d3e67ddce698e44a39378e.jpg,2,4.384615058326314,82.66348369372562,0.03245192307692307,0.7692306880811572,25.99446118397732
2233368704_1_jpg.rf.29f3ac60e3b35fb544d647864e1cf169.jpg,3,3.4861106290509944,115.5162037037037,0.01762820512820513,,
2233368704_2_jpg.rf.d69e31bf6fde8772900917ac36af6657.jpg,4,3.058035301419061,123.74397997835499,0.018028846153846152,,
2233368704_3_jpg.rf.61b047f96947fe151a5727c52a6ef15c.jpg,3,2.473737145838711,144.81414172247506,0.026442307692307692,,
2236814888_2_jpg.rf.0a62d315e15a776ee8c2ee986a045944.jpg,5,2.6935061742452744,59.73512622528151,0.021634615384615384,,
2241609352_1_jpg.rf.05df6e6e7c55ff411f42b62766b3b5ed.jpg,2,3.026086813865791,109.50386409374869,0.051682692307692304,0.7478260322684345,14.612860047796744
2251139211_2_jpg.rf.d47a9dd59bfe216f10ef6d74018fff77.jpg,4,2.1406924507052767,109.50139576032433,0.028846153846153848,,
2251201726_1_jpg.rf.0d86949e51a23e9e0fb66a5d3480aba6.jpg,2,1.6770832343026678,104.01018518518518,0.040865384615384616,0.02083332045717734,9.205555555555563
2257305766_1_jpg.rf.5fe6f15562ef88c5c574c1e15000180e.jpg,2,4.038888639691374,88.67788620997575,0.039663461538461536,0.8555554583950706,4.574575838754939
2264901367_1_jpg.rf.f2786c6deda843fa94d5c55eb6ffe445.jpg,2,1.550284581813568,81.48018371571503,0.078125,0.5123339456340541,33.71705192340866
2290385398_2_jpg.rf.686030ea47e2e47a41c466b54ac50b53.jpg,4,2.751009800042185,82.435459505772,0.022836538461538464,,
2300713390_1_jpg.rf.7661a218512359eb8605548d8a9891ad.jpg,2,1.6737967414042931,98.27920494538142,0.08052884615384615,0.28877004336221646,10.703206270853329
2302208915_1_jpg.rf.b8c7e38e44fa074f46aa6cdbf6495a19.jpg,3,3.5055550742130315,83.73742368742369,0.019230769230769232,,
230499681_1_jpg.rf.4483f206585cdb30cc068771f9fb6c46.jpg,2,2.1185895739439653,49.23172161172161,0.030048076923076924,0.07051282844345641,4.31677655677656
231216392_1_jpg.rf.cf7940fae391b421b4d731eced4255fe.jpg,3,2.7566134216007807,51.743272322219696,0.02003205128205128,,
2312507373_1_jpg.rf.73606492e37f5c49c28e490ea924b264.jpg,2,4.259739757463379,94.12369780756879,0.021634615384615384,0.33766207691015904,3.7404831727412358
2320120349_1_jpg.rf.d776d3d661f46c7aab74c16e22de18a0.jpg,4,2.503891737464113,107.20705920676215,0.03004807692307692,,
2324602074_1_jpg.rf.4a15bb46b341d827f45efcd9bce7df56.jpg,3,2.901785426206453,80.58688006159312,0.029647435897435893,,
2325305205_1_jpg.rf.870fcefdbee293e0699aae4bbaed7455.jpg,1,2.8749996406250453,101.04891304347827,0.019230769230769232,,
2326138430_1_jpg.rf.b49993c35cd8d420b2ea2328b38648d0.jpg,3,2.8416663314583737,76.70229166666667,0.020833333333333332,,
232758871_1_jpg.rf.b2bb4b804963d9c24f2198973bca78d4.jpg,2,3.486927905089934,103.15771663504111,0.042067307692307696,0.08496730400700736,6.189943074003793
2330954824_1_jpg.rf.172becf72875c7a3626a480666e62ea3.jpg,4,2.6129263226390793,51.10911581768893,0.061899038461538464,,
2330955274_1_jpg.rf.4c73ce2b7ff0dbe7bb399760eaf1bcc7.jpg,3,2.0384614135854107,52.13485759668378,0.04326923076923076,,
2344899163_1_jpg.rf.3f271023fab99a56365ea79123d6d719.jpg,2,1.9837962173246773,65.04947810417517,0.06129807692307693,0.7824073674339866,12.858646130830948
2349481463_1_jpg.rf.5a39f41721798000adbb80c3c6fbeefa.jpg,3,1.7160129701637252,122.14908722109533,0.041666666666666664,,
2354287692_1_jpg.rf.32340d897578356c07a7841ab77c575b.jpg,1,3.2999996700000334,67.9121212121212,0.02403846153846154,,
2361275920_1_jpg.rf.056c94b65b583dcb822dc130c5c81937.jpg,3,3.2651511700241422,61.208478501593476,0.02403846153846154,,
2371615952_1_jpg.rf.bda0e1c7f1744e60afb40a64608a1643.jpg,3,3.2558918689395626,60.107919447820926,0.021634615384615388,,
2375918801_1_jpg.rf.831c47343a5b1750282d9e904dba29da.jpg,3,2.3430787697121094,111.90965177025225,0.04326923076923076,,
2377409057_1_jpg.rf.5b45a7931a9bcb978fad3b1bc28252c8.jpg,2,1.850694333598579,65.3727027027027,0.040865384615384616,0.9236110437403595,26.0654054054054
2385498145_1_jpg.rf.250deed144fefe3ce87db7fe69ca1457.jpg,3,2.624458551939308,96.90339448563132,0.020833333333333332,,
2385650791_1_jpg.rf.4ce2126d568813f3f19ff3f61db82894.jpg,1,2.333333074074103,85.73015873015873,0.021634615384615384,,
2385951266_1_jpg.rf.9fdc98931a35cba737009fb27e8c7110.jpg,3,2.8279451596124523,75.18028673292258,0.05528846153846154,,
2397899047_1_jpg.rf.d144a42e5c992417705206759dc9fecf.jpg,3,3.593433986876376,55.04548703684342,0.024839743589743595,,
2398422506_3_jpg.rf.fec24b3ced3f1e0bea86ba1a197e769d.jpg,3,3.574674897722055,44.452919302919305,0.020833333333333332,,
240001815_1_jpg.rf.61354e6c4243600f2bbef5f07c12d1ae.jpg,2,1.7847221749035507,66.93813492063492,0.09134615384615385,0.3194444310570994,26.556269841269838
2402745714_1_jpg.rf.81ac296f6f4e5e6b4d8568202aea7bb3.jpg,1,2.9166664236111317,79.05714285714286,0.028846153846153848,,
2404040793_1_jpg.rf.9af5d146e69a80dff86e47d8930b3f8f.jpg,2,4.555555049382773,53.155931293612454,0.021634615384615384,1.1111109876543348,3.7128287707997885
2406130609_1_jpg.rf.3e7642b93a711ea6aa32602347ef0fd8.jpg,2,3.1928568705102283,38.86426066920457,0.028846153846153848,0.18571436102039396,13.547876177118809
2415425614_1_jpg.rf.c963ec1562445aa4bb17b386c99e25e6.jpg,2,1.6607141936118248,91.9869227994228,0.04447115384615385,0.1785713940263638,26.36670274170274
2418314368_1_jpg.rf.12420c35e08b22946bd1e4dce047206c.jpg,2,2.1919641394690785,74.87000316202904,0.036057692307692304,0.24107143199936054,3.2501414591931876
2423457666_1_jpg.rf.3df37e8ae42595ffb3301b63ef684d54.jpg,3,2.9551279335917786,115.5009947568771,0.027243589743589744,,
2436720309_1_jpg.rf.0fa75789a5b6f0b4b5d13be1f32b088c.jpg,2,1.9999998947368476,60.01523545706371,0.04567307692307692,0.0,18.285318559556792
2437565214_1_jpg.rf.ea4ec881596f11a14df329c1ea4b601d.jpg,3,2.0371868549396797,133.03665327262465,0.04006410256410256,,
2437904540_1_jpg.rf.116c8604cf5bf07319c45d6e9a77f617.jpg,1,3.374999578125053,64.44907407407408,0.019230769230769232,,
2442576256_1_jpg.rf.06e160b4fe172e4d26c2846d59356bfd.jpg,3,2.847855548601609,75.09745355452122,0.038461538461538464,,
2447989452_1_jpg.rf.d1756db4b78e2f50ad9fe1e5aadf0c4a.jpg,3,2.083333174722235,56.954146594146586,0.03605769230769231,,
2449179046_1_jpg.rf.28ed89aec16b79c23bfa458ccff35b15.jpg,4,3.03729576310082,79.00258104509577,0.02764423076923077,,
2466353526_1_jpg.rf.8ee613326ee33df7ec1d58a5c1ea0804.jpg,4,2.241826699022151,76.85926737061249,0.025841346153846152,,
2466594504_1_jpg.rf.da04d11b0e576c29cd60d8be82bff8d0.jpg,2,2.2166664644444634,53.04166666666667,0.026442307692307696,0.23333334888888402,14.202380952380956
2469551410_1_jpg.rf.e1bab3b1316723fe9771f016ad8f7301.jpg,2,1.2647385563022082,85.93706441148314,0.07211538461538461,0.11568409239038302,0.14163472383175701
2476555449_1_jpg.rf.e3b9b29bea49836fc97ca675971e5227.jpg,2,3.5446423808992993,90.79952686202685,0.018028846153846152,0.3392856055484921,9.071275946275946
2485495082_1_jpg.rf.5968997fdbd47a476793f746a1518cb9.jpg,4,2.982548348691987,75.58512619291605,0.02283653846153846,,
248684423_1_jpg.rf.3ba95911714311047278608160e2a424.jpg,2,2.6458331789641294,94.08774975633528,0.040865384615384616,1.0416666235532421,40.11299951267057
2487307260_1_jpg.rf.14758ed291e460cc821bd41141c20adf.jpg,2,3.1499996412500417,70.809375,0.021634615384615384,0.6999998425000267,35.75267857142857
2488505181_1_jpg.rf.cd7ab81f3c0eee8fd37e13f199336421.jpg,2,2.299450378652953,68.25487415809997,0.03245192307692307,0.1703296450609857,1.5051400212690567
2489465975_1_jpg.rf.036f931824d070ce0c9814d64fe6b708.jpg,2,3.285714012059392,115.62152367834186,0.03004807692307692,1.4285712486085544,1.8065394201757954
2492944654_1_jpg.rf.0346bda13d1cc3fc5d0d7f374e2997d8.jpg,2,1.8749999062500047,87.12689393939394,0.04807692307692308,0.4499999775000012,5.26287878787879
249852286_1_jpg.rf.c3d1e3f751e1b367161d9cbe3b168b7c.jpg,3,2.77037008181073,52.67659747659747,0.023237179487179488,,
2500088309_2_jpg.rf.46eceff62f72c60157dec639022db792.jpg,3,4.1210311378851054,34.16081501491957,0.016826923076923076,,
2501616966_1_jpg.rf.582b96ceaab6d4fb13949bd8e7342810.jpg,2,4.08241727898203,87.9327431827432,0.03245192307692307,0.4505493946987138,11.057794057794055
2507367343_1_jpg.rf.022f624653b4d13783d40a2de4fbcefe.jpg,2,2.3512818803287434,71.68330386089006,0.03365384615384615,0.835897351768581,20.18040082522841
2521596793_1_jpg.rf.f98cb4b2a01832c1aeff0dd962deebc3.jpg,1,1.7999998200000182,91.62222222222222,0.02403846153846154,,
2530498353_1_jpg.rf.1d9682ae572621c130f2389ca11e139e.jpg,3,1.7578946265435589,93.75308743322326,0.03926282051282051,,
2532979343_2_jpg.rf.1cb2062d72fe87fe87569ba02819895c.jpg,3,2.7012983988306423,115.90027172560906,0.023237179487179488,,
2541112439_2_jpg.rf.1de2bc38b5ac0cc792af709614ae46ee.jpg,2,3.892856533163361,94.98673414615445,0.015625,1.2142854336735267,10.569741584234336
2544738096_1_jpg.rf.9e4d998d9f96bbc33395ee99a8b7a200.jpg,3,4.195285773342899,72.7215049618997,0.02403846153846154,,
2551561993_1_jpg.rf.af4d5d2ebfe0c62a13499d7a5a253f15.jpg,2,3.0404759825056833,97.95562264950473,0.03485576923076923,1.6523808527664459,6.872164839239375
2553356442_1_jpg.rf.c98cffa06872f6c1b74167db34036292.jpg,1,1.4999999250000036,82.305,0.04807692307692308,,
2554129050_1_jpg.rf.a01bbae3e4cd4327ce1156059c9d3012.jpg,3,2.3512818327219143,70.9322026862027,0.026442307692307692,,
2559502581_1_jpg.rf.29104af851745641cc55d1ff5d0a51aa.jpg,2,3.4444440408951094,61.51773313492063,0.020432692307692308,0.8888888317901245,15.82911706349207
2563604089_1_jpg.rf.37b2956b08563352cee4560185b4eb27.jpg,2,1.103260817521269,66.14104347826087,0.051682692307692304,0.29347823995746825,5.370086956521732
2567246289_1_jpg.rf.901854276a14bfb0263fff0e2fba7009.jpg,4,2.191071291764465,112.91538387124808,0.04387019230769231,,
2593999937_1_jpg.rf.ccecf625058e9cb6e04942f2f4264c91.jpg,2,1.880952283446717,100.22193324276657,0.046875,0.23809521088435592,18.72473068306401
2594343912_1_jpg.rf.1010c948f5f6aa5bf98fdebf3bd00b74.jpg,2,3.2222218808642342,68.7994623655914,0.022836538461538464,0.4444443617284075,31.132258064516122
2597444784_1_jpg.rf.d21ea913381ebe27b380b4072a423c3e.jpg,2,4.472221694058705,85.03854166666667,0.020432692307692308,0.055555486882731486,8.332638888888894
260290844_1_jpg.rf.14be55ba4015f52b031bbdffb66b41ec.jpg,2,1.6350266530319755,114.62469555116614,0.046875,0.0935829046798573,10.364859511918326
26041966_2_jpg.rf.dc96a5eb0e781b88808ace6429ad37f7.jpg,2,2.8749997141203996,128.07167943805877,0.025240384615384616,0.9166664976852097,3.930715197956573
2622481529_1_jpg.rf.e68a4b898d2cce72c21baae51cbdb77b.jpg,5,2.9031815095251714,69.14374405822934,0.02355769230769231,,
2624814777_1_jpg.rf.517191b018b8844025f3a824f7ea2039.jpg,3,2.305672786112659,66.39305200686994,0.060897435897435896,,
2634041063_1_jpg.rf.35eb29fdc0aaabc0d36245f7629bbb50.jpg,1,4.499999437500071,72.70833333333333,0.019230769230769232,,
2637859146_1_jpg.rf.a8fddf44b7b95220b22ecda2a9939aee.jpg,3,3.1501829385608437,109.86851246851246,0.03766025641025641,,
2642751678_1_jpg.rf.eccd98e19524dcf46d80d5947bb9a47a.jpg,2,4.111110654321039,35.734649122807014,0.021634615384615384,0.22222219753086714,4.697368421052637
2645235152_1_jpg.rf.68fa77178c136bc263269ebf7262d4cd.jpg,3,3.5727269270248274,44.08608630569581,0.024839743589743588,,
2651953293_1_jpg.rf.102e4ad509b33e428b89eaadd2a89466.jpg,2,2.227272524793407,59.25636363636363,0.026442307692307692,0.09090908264462882,15.305454545454545
2652089249_1_jpg.rf.546ea4eb5cab392e360fce04ffd9ae87.jpg,2,2.129120719855706,95.18109384221916,0.03245192307692307,0.9725273886909866,4.927405075742669
2666396914_1_jpg.rf.30f9082c7d58792301b571a13ce9ebff.jpg,2,1.7204968163522532,62.876778036029805,0.052884615384615384,0.2981366395072207,16.00175232025586
2692234417_1_jpg.rf.7c4fdd84a8b127b5868cfd1e6202cdd9.jpg,2,1.9621210406910161,82.54059617918313,0.027644230769230768,0.2575757202708955,13.729413702239796
2702954419_1_jpg.rf.10023db3091a5801104d313663b394ba.jpg,4,4.1547004532070275,142.04653614991193,0.025841346153846152,,
2705102720_1_jpg.rf.3a1cff622186ed122e29e032d741e1ef.jpg,2,1.7499999354395626,83.03099401742946,0.06490384615384615,0.49999998626373654,18.37193701445075
2707644111_1_jpg.rf.1ddd491467d9b912365fc5546402f8e1.jpg,2,1.6333332244444518,67.42460317460318,0.036057692307692304,0.46666663555555754,13.61746031746032
2710860682_1_jpg.rf.e6940a65fa1d71854a4323cf64e6ea5c.jpg,2,4.249999496527838,66.15972222222223,0.020432692307692308,0.4999998819444653,0.7638888888888999
271580597_1_jpg.rf.7f414fb358e1c791b3b5ac776fe53e5a.jpg,2,3.374999578125053,121.50618131868131,0.019230769230769232,0.24999996875000363,4.416208791208788
2719464361_1_jpg.rf.f157c70a2ab18c3ad13175f513d329c2.jpg,2,2.2403844358358134,87.11328879719684,0.030048076923076924,0.019230753328404404,16.399417100566524
2719472207_1_jpg.rf.044af1c7974e12c00ebfa6a6776c28c3.jpg,2,1.8956042544982596,92.52781593406593,0.03245192307692307,0.3626373253230324,13.252060439560452
2720297592_1_jpg.rf.ace0a95a6370f123545e631fc917f0c0.jpg,2,1.916666506944458,73.9668253968254,0.028846153846153848,0.33333330555555785,28.013015873015867
2721866884_1_jpg.rf.23e293b1c64f8fbf82746b242b0a9fa9.jpg,2,3.190908786281021,122.6484375,0.025240384615384616,0.018181787438022123,17.90312499999999
2733601788_1_jpg.rf.d5bb602c65aca931b9bfee8390da946d.jpg,3,2.8055552484568245,54.917603615520285,0.023237179487179488,,
2737646637_1_jpg.rf.e59f48b4e853ff19b7f89833d26b75f8.jpg,2,1.9999998571428672,57.87848932676519,0.03365384615384615,0.14285713265306188,10.233169129720856
2740677001_1_jpg.rf.43f130f92850fcc53a30882ac6641dbc.jpg,2,1.8820511451413646,90.97348248952447,0.03365384615384615,0.6974358280604931,12.928397339791644
2741469993_1_jpg.rf.3e3a84d71f894348f21dbc95b00f895d.jpg,4,2.2410559748033116,59.57476119140521,0.030649038461538457,,
274928922_1_jpg.rf.a1a0b3f2a0952b45ddd61ce31f3e258b.jpg,4,2.78907173251812,73.74179003866503,0.02463942307692308,,
2755672817_2_jpg.rf.21c4d10ee39212a2c0f29c1a3e37b6d5.jpg,2,3.857142306122528,72.73015873015873,0.016826923076923076,0.0,3.2698412698412653
2767060777_1_jpg.rf.5ccc69fab79c59e5847929f0c2ab784a.jpg,2,2.6874996848958705,109.62758555338965,0.020432692307692308,0.6249999635416668,19.320960580463506
277967015_1_jpg.rf.b67d68ed5c97a901393e554525519286.jpg,2,2.1406925410177893,112.51802183323923,0.051682692307692304,0.0995670903000323,3.8849049501223334
2783667002_1_jpg.rf.3a2fbc0b3d23d5186724a9dfc417bd67.jpg,2,1.4194443696142014,38.56277777777778,0.04567307692307693,0.06111111577160422,11.17444444444444
279534306_1_jpg.rf.9144e7a2ce3253cca438a379594d6365.jpg,5,3.8636359581038087,51.769766903471904,0.023557692307692307,,
280005127_1_jpg.rf.be981ce78e73ffcdc1d6b8aa2b6887f9.jpg,2,2.999999666666704,115.82828282828282,0.021634615384615384,1.333333185185202,35.898989898989896
2805325465_1_jpg.rf.68441a8b750f2d3c2220747c63aa00ce.jpg,2,2.0476188884637314,91.83585164835165,0.03125,0.23809519529478984,2.280677655677664
2815337739_1_jpg.rf.dee7186828fcba9ef95ffda2f76dc6dd.jpg,4,3.5175096213594403,76.16810999916763,0.03365384615384615,,
2823021392_1_jpg.rf.47ac9521578cc10d5c833226a3590d09.jpg,3,2.7606058002479585,87.88093841642228,0.025641025641025644,,
2826630295_1_jpg.rf.e0c65cb7ab90fe4cbb0370dfc3cf9302.jpg,5,2.501009864694952,73.53610252879426,0.025961538461538463,,
2828699255_1_jpg.rf.0109355fd27add6ab15a4838d049d38a.jpg,2,1.5925925039780573,118.18099537037037,0.05048076923076923,0.8148147253772364,31.348657407407416
2848544488_1_jpg.rf.d0053bfff27cb332fc4df2dadc445ca5.jpg,2,3.324999620625044,66.46781609195402,0.021634615384615384,0.8499998212500297,13.002298850574704
2851042664_1_jpg.rf.0e74ca0c0bf03ead096ad50954ce24b8.jpg,2,1.6626983067208432,103.58523193760263,0.038461538461538464,0.10317457023180032,12.783559113300498
2851045896_1_jpg.rf.b69ffd341e5b3d0323d58661b3bc84fb.jpg,3,2.096825215015133,80.55856088356087,0.028846153846153844,,
2853873126_1_jpg.rf.865655eaa3664bd2de0a0855f72cef1e.jpg,1,2.8888885679012706,110.50854700854701,0.021634615384615384,,
2859531900_1_jpg.rf.3e3dc1673ba0d05b1c428db4a3609393.jpg,3,3.4949491631976652,53.77722863556196,0.025641025641025644,,
2867659261_1_jpg.rf.a5d57b66a8678c9d82bcba38a52f5d57.jpg,3,2.0312215513122998,54.41036366683426,0.03205128205128205,,
2869939639_3_jpg.rf.3a2588fa4dbb26a78fda607f405a5a57.jpg,2,2.1944441832562043,94.12281454248367,0.020432692307692308,0.6111110084876703,31.01687091503267
2872584528_1_jpg.rf.10f2048cbd45a76380f9773b4e8dab4b.jpg,2,1.3807406877059005,87.39273148148149,0.0625,0.20148147781179704,30.390462962962957
2880878213_1_jpg.rf.ff43ee7ea23f3dffda7defe467b259cd.jpg,2,2.5772724807025034,62.87828282828282,0.025240384615384616,0.24545449859504798,8.369360269360264
2882152573_1_jpg.rf.98c3bbe4bf25dcc44d0e8ba8df4e5ab1.jpg,2,3.508928095822769,49.81086688798458,0.018028846153846152,1.2678569103954471,0.08478796316127557
2898498038_3_jpg.rf.6b3ba16d41c1b2cf2bb9097e380459d4.jpg,2,3.124999630208378,29.289440883190885,0.020432692307692308,0.24999992708334728,8.43073361823362
2908244346_1_jpg.rf.6d0b523dd592467b40c84925eae6b10b.jpg,2,1.2872806417695857,97.76470588235294,0.051682692307692304,0.258771931738611,6.470588235294116
2932055669_1_jpg.rf.10471ac92227f5f786de67a1e1679b5d.jpg,3,3.1675577021838563,59.92405674390969,0.03605769230769231,,
2937757570_1_jpg.rf.cab1643fb32e3a15ad5e3c3783cf0c7a.jpg,2,1.7150348936683975,66.33043532098154,0.057692307692307696,0.3391608369235657,28.786539091160947
2939732721_1_jpg.rf.3f13b72c607f91987bcd0f8184a997e7.jpg,2,1.3946236101375895,73.91322121688958,0.07331730769230768,0.14408601528037956,11.843109100445844
2943357054_1_jpg.rf.2e21a47514433e8324e14ed995b872a3.jpg,1,3.249999593750051,77.9951923076923,0.019230769230769232,,
2945298787_1_jpg.rf.85e0821058a32b3be0f071ad816a3eda.jpg,2,3.044642443399291,77.47184065934066,0.018028846153846152,1.339285480548508,9.693681318681314
2952691495_1_jpg.rf.d96a8ac69a42f28fbd8a9a53f2590fba.jpg,2,2.8624996746875375,53.49230769230769,0.021634615384615384,0.5249998693750229,5.0846153846153825
2953542090_1_jpg.rf.b9ca43c969d15e0cc27704d7b84ff0f3.jpg,2,2.1011903117205346,46.997545155993436,0.03125,0.6309523071145202,12.713481116584568
2958855782_1_jpg.rf.23c0d5f451e12573217541096a2e74ea.jpg,2,2.038960870298547,61.44201631701632,0.03004807692307692,0.6493505569236069,3.2826340326340357
2960256451_1_jpg.rf.2bf1152c087aad9411b71d2340492bfb.jpg,2,1.8839868204590176,103.37957591638806,0.042067307692307696,0.1209150319214829,16.35280262642692
298620293_1_jpg.rf.bd19945fed7e4e07f17855cbc8bab6b8.jpg,2,3.349999665000034,33.92687165775401,0.02403846153846154,0.09999999000000104,8.799197860962568
3002568151_3_jpg.rf.2bb8d9e984c7bf643c384057b7df1c12.jpg,2,3.59821380404981,114.04986453201971,0.018028846153846152,0.0535714856504943,2.305443349753702
3008360513_1_jpg.rf.55ba91ea8aa1e5d4e13811a84924469e.jpg,2,1.989234352730597,88.83437050071988,0.04927884615384615,0.2942583730512114,22.820620700687897
301384259_1_jpg.rf.820dedc6fe982520c7b749687f3e5bc2.jpg,1,1.8333331805555684,94.96969696969697,0.028846153846153848,,
3025229116_1_jpg.rf.1db3e4ef672bfdbb52491aa00d43f7c8.jpg,2,1.9136028248202384,66.71534090909091,0.039663461538461536,0.29779409254703904,56.835984848484856
3035040633_1_jpg.rf.0fb9167cf06c49b3c69e6acb79baea28.jpg,3,3.3686865743281564,93.22649572649573,0.028846153846153844,,
3038488195_1_jpg.rf.cee1130a3f3f1ff0e26d2cb1f3278b19.jpg,4,2.886805238393168,73.48515485312899,0.022235576923076924,,
3041080378_1_jpg.rf.f7a13af21fecbd08a47048cc766c60d4.jpg,2,2.4107140971513754,44.62886251679355,0.03125,0.6785713473639543,5.530452306314373
3048914345_1_jpg.rf.2cd8d3e4a1c91e7c7711b74b62bc8f07.jpg,3,2.2222219351852246,104.39823717948718,0.020833333333333332,,
3051975799_1_jpg.rf.6955af772d786172a9b526fd8be0632f.jpg,2,2.3891401100714678,41.57524240465417,0.036057692307692304,0.16289595978787785,0.04279250161603443
3052055699_2_jpg.rf.f7e4a2abfb5baed1ebabef40474f1d9f.jpg,3,3.1113633038344033,102.61512912374981,0.023237179487179488,,
3052865023_2_jpg.rf.3b6bc9ff99ac8336a4d3faeeded96fd5.jpg,2,3.1111107654321373,73.84126984126985,0.021634615384615384,0.0,28.206349206349202
3052865023_3_jpg.rf.5003788e837ad1d46e5d1e4633d94207.jpg,5,2.4525250124528353,80.96877894327893,0.025,,
3059914159_1_jpg.rf.cd09fea4354344bb37307869651856b0.jpg,2,2.8888885470679417,79.55652777777777,0.020432692307692308,0.22222215586421035,0.23805555555556168
3059991197_1_jpg.rf.e132ee6ab724f433815059bd9d9d9aef.jpg,2,2.377777525802496,110.13579270970575,0.022836538461538464,0.35555549160494815,4.3102327624066845
3071120472_1_jpg.rf.6feeaa4fd7047305055f96d25ffccb1b.jpg,1,2.799999720000028,75.66785714285714,0.02403846153846154,,
3078332786_1_jpg.rf.549adfaf882668b6ed7a03321a5ca6f9.jpg,2,2.7333331573611224,112.6674901463964,0.037259615384615384,0.5333333102777784,17.48272804054055
3081187199_1_jpg.rf.e251e4a86d0551f4c2410e3fe929b289.jpg,1,2.7272724793388656,126.28181818181818,0.026442307692307692,,
3082881316_1_jpg.rf.578c96a9dc108b938b0413704488969b.jpg,2,2.198717772641369,67.664566755084,0.030048076923076924,0.06410257306048495,9.418877099911583
3083968872_1_jpg.rf.50c3c41c0a4ca9ff882da8fc614e540e.jpg,2,2.6227270220248178,80.29488936988938,0.025240384615384616,0.15454541595041915,28.128739778739785
3154364424_1_jpg.rf.5a87491406a7af48ae231768c642c843.jpg,2,1.9230767751479405,76.18718781218782,0.03125,0.46153842603550577,35.82892107892108
3155317888_1_jpg.rf.607a65b5495841d47c959afa6b2adde0.jpg,2,2.699999713333364,70.13744855967079,0.022836538461538464,0.5999999066666799,69.5917695473251
3159679449_1_jpg.rf.16236c35e8c2b62bd253fcf4d3164331.jpg,2,1.9999998571428674,114.77933673469389,0.03365384615384615,0.0,5.895408163265316
3160584865_1_jpg.rf.1583668b60d71e7562a7ddb4df49da1f.jpg,3,2.177579245952655,105.78107691784976,0.04487179487179487,,
3168247070_1_jpg.rf.076c566ed981022e2aed0b4d6dc1bc88.jpg,2,2.887820280798014,92.16297148797148,0.030048076923076924,0.3910255911817937,1.90702405702406
3176867704_1_jpg.rf.d46d5c16ba868341987a8cf096ec6ef8.jpg,2,2.9999997386363866,43.88582797673707,0.027644230769230768,2.2727268955691216e-08,13.413529231711053
3193158927_1_jpg.rf.8332014e9f6518207ba84b3dad2508df.jpg,2,2.121211937213056,55.72064393939394,0.027644230769230768,0.4242424033516994,11.96942640692641
3198136331_1_jpg.rf.670c10f002a5eb845b5ba21e4121936d.jpg,5,3.107142403146327,62.26948860245852,0.01826923076923077,,
3218989431_1_jpg.rf.a8f12d886d924f8f91c83086ef6aca3f.jpg,2,2.676900439925968,85.44186060389069,0.04447115384615384,0.09064326212338969,8.92680510800811
3243602421_1_jpg.rf.9096104fc1012f2f924797a2c90505af.jpg,3,2.0196076881848453,117.99442057656397,0.0344551282051282,,
3255054809_1_jpg.rf.6edb8e788598b0744e69adc77359886e.jpg,2,2.4444441728395363,86.01575799401886,0.021634615384615384,0.22222219753086714,8.084426040947776
3796238727_2_jpg.rf.ba723546500ca8afbfe006e90cade15b.jpg,0,,,,,
3929640120_1_jpg.rf.ea40e2a351efaef9d40d820dee312bcc.jpg,1,2.2222219753086696,133.48333333333332,0.021634615384615384,,
4141887018_1_jpg.rf.2ed6e995321717d14a2fe215d168276e.jpg,0,,,,,
4145388945_2_jpg.rf.4f3b702d98624b79c954a20390a06bea.jpg,0,,,,,
image_0010_jpg.rf.487e98f2d1f2490189ac3c0c0133b79c.jpg,2,1.624999852083347,80.27619047619048,0.026442307692307696,0.2500000041666639,34.31428571428572
image_0025_jpg.rf.42ba7d7c7bed82536da0105b470cf32a.jpg,2,4.008928033322777,70.6791474654378,0.018028846153846152,0.2678570353954317,6.786866359447004
image_0035_jpg.rf.2a9a167dad0efc70aeea1a7aab49916e.jpg,2,2.486110815779356,75.36041666666667,0.020432692307692308,0.5277776809413735,3.1541666666666686
image_0050_jpg.rf.ad541600ad40ed765bfe0b141c3d6111.jpg,2,1.4409721371768955,47.30125882571535,0.040865384615384616,0.006944454041279746,17.982952434039397
image_0053_jpg.rf.cec293248e1be2b3dd1455fc5a2c7949.jpg,1,3.9999995555556054,78.03086419753086,0.021634615384615384,,
image_0070_jpg.rf.05ee2749cfd91b838a019ec36efafc05.jpg,3,1.614041397029666,112.22282841341665,0.03365384615384615,,
image_0072_jpg.rf.928a30cca62519af67b5551d5d632b08.jpg,5,2.13999979690911,107.40544735896515,0.025480769230769234,,
image_0073_jpg.rf.68e6671f56d93a3be2dcc799e00bf70f.jpg,5,2.4455606738001285,84.72749372100057,0.03365384615384616,,
image_0123_jpg.rf.e4f42f0a886058798e1c7bbbb9b0af76.jpg,4,3.906249511718811,64.64862914862914,0.019230769230769232,,
image_0145_jpg.rf.9ac8bc5fb4ccd5784be8b5534d23df1f.jpg,3,1.868335197979749,98.82668818595592,0.028846153846153844,,
image_0146_jpg.rf.9a70b40d4c1cd865a2ad53d31a0a807f.jpg,2,4.5714278588436486,120.26011220580186,0.015625,0.8571426156463131,13.598002189381504
image_0180_jpg.rf.4d3b470657a8c4cb595efc2243969068.jpg,2,1.5937499003906312,98.86675347222223,0.038461538461538464,0.1874999882812507,40.59461805555556
image_0202_jpg.rf.f6776562981a93370ed6ffbd0fc5c647.jpg,2,1.5489509183578771,111.57305852042694,0.028846153846153848,0.17482513849088477,15.509753404490255
image_0205_jpg.rf.85511490548770e89785ae9bf5fc2c38.jpg,4,2.0729164473090513,97.43533141517477,0.024038461538461536,,
image_0207_jpg.rf.0e42ec4044a1a153ecd8bb7fde5b5c04.jpg,2,2.4749997181250327,60.134090909090915,0.021634615384615384,0.5499998762500211,7.1772727272727295
image_0231_jpg.rf.79fc8030c21c469892ce037f4b3cb054.jpg,3,3.5690989669704063,86.30921122764566,0.030448717948717948,,
image_0242_jpg.rf.0e445cd6a47b6dde34d8b048ca8211a5.jpg,2,3.611110709876588,138.39282673478075,0.021634615384615384,0.7777776913580343,3.720519369944668
image_0248_jpg.rf.72808a36f70e4015b3f558bced533388.jpg,1,2.1111108765432363,83.91812865497076,0.021634615384615384,,
image_0257_jpg.rf.1d255b9311cc040161af3e3102b3bb8e.jpg,1,2.4999995833334028,143.23333333333332,0.014423076923076924,,
image_0274_jpg.rf.dbf80350640870de645f63c3ef8ffee4.jpg,2,2.464285538265319,139.15085062741312,0.03365384615384615,0.3571428316326548,1.3508083976834087
image_0275_jpg.rf.3146524e0ecb095430fb89d914e5e9e8.jpg,2,2.202380781179152,100.86730295566502,0.03125,0.2619047154195071,5.586822660098534
image_0317_jpg.rf.9b97027cc8f94418c848b9ea442b139a.jpg,3,2.1616159386956926,70.34670070267896,0.024839743589743595,,
image_0319_jpg.rf.f890c36a27cb52c06486b24c48300401.jpg,3,1.7708332404895881,31.84101287001287,0.04887820512820513,,
image_0331_jpg.rf.d9bf6710dd18edec536db29200c52307.jpg,3,3.8870366508539487,79.01986402320163,0.024839743589743595,,
image_0379_jpg.rf.83bff5513b8906a93ed7f90fea05977f.jpg,2,3.532467244729321,75.49122023809524,0.03004807692307692,0.20779212211166742,24.78244047619048
image_0382_jpg.rf.51b52084821d46a527cf807d3729d86d.jpg,2,3.849999592777821,84.18956456456456,0.022836538461538464,0.2999999255555683,0.32357357357358296
image_038_jpg.rf.c02eab9b65024663bee7060ea9fdbadf.jpg,0,,,,,
image_0399_jpg.rf.94b855419df17335b93af498d96c8787.jpg,2,3.6499996350000368,97.45215909090909,0.02403846153846154,0.6999999300000068,17.45931818181819
image_0419_jpg.rf.4aec9b3e460cab185ffc1debad2f770f.jpg,2,3.9999993958334263,87.34201388888889,0.01682692307692308,1.9999995416667584,5.295138888888886
image_043_1_jpg.rf.e3327cfd3ce8a423c6e5e8e1b13c662a.jpg,1,3.5999996400000365,67.66111111111111,0.02403846153846154,,
image_0449_jpg.rf.e5bac0211276ac3504bf0c36f2847371.jpg,2,4.083332715277873,88.32148857526882,0.01682692307692308,2.1666661805556515,3.8257728494623677
image_0450_jpg.rf.361d2fd3428bfdfafb862d83f09ed21f.jpg,2,2.4615382375739854,48.87230769230769,0.027644230769230768,1.0769229248520897,15.664615384615388
image_0452_jpg.rf.110b24b7e451f86e83cac7cc17283165.jpg,1,3.0833330763889104,146.9527027027027,0.028846153846153848,,
image_0464_jpg.rf.380d374377558fef2bc992be951f2f31.jpg,1,3.8888884567901716,74.62857142857143,0.021634615384615384,,
image_0465_jpg.rf.6dfecc153551cb1587b61e9780c4900e.jpg,4,3.0031757248754016,110.16798058856882,0.027644230769230768,,
image_0507_jpg.rf.0263dce77b7e2cc4362881eea0e79700.jpg,1,1.5714284591836816,90.73701298701299,0.03365384615384615,,
image_0522_jpg.rf.4115ce981fe605aadebb52965a6b3819.jpg,0,,,,,
image_0528_jpg.rf.8f0b95755029847f10c88282a082013e.jpg,2,3.034090577866773,143.3466402549064,0.022836538461538464,0.43181803176655675,3.1624887209564747
image_052_1_jpg.rf.a9c97d5e9e1ff313cc565a3d47c52cc9.jpg,0,,,,,
image_0535_jpg.rf.ca21d189bf9fdfb0b3bdeaff960d390d.jpg,2,1.7904410677038345,89.90459347532116,0.039663461538461536,0.1691176302173456,2.949146382690998
image_0540_jpg.rf.edc0e533e14d0c61142a4f7e7e3dd5f3.jpg,2,2.6969694618916646,105.02348484848486,0.027644230769230768,0.060606034894402416,52.54696969696971
image_0567_jpg.rf.f5143fbb662f63190ed15dff7d50ff97.jpg,2,2.77272702066118,144.02302436125967,0.026442307692307692,0.6363635785124018,1.933749257278663
image_0572_jpg.rf.b4f913fb3a088a7ead79919288dc140c.jpg,2,2.4487177518080374,95.64129158377543,0.030048076923076924,0.43589738527285204,17.993458499115818
image_0591_jpg.rf.e056b19189b89adb197d6d6e0e61d0f7.jpg,2,1.636751978559443,67.35570638511815,0.026442307692307692,0.504273400905852,17.835595776772244
image_0606_jpg.rf.e3dfed9b5a6a96c194e4f5694c47db7c.jpg,2,1.8333331805555684,114.31818181818181,0.028846153846153848,0.0,9.166666666666671
image_0608_jpg.rf.89fd2a0515fc15ddca32b0f3d042dbf8.jpg,2,3.7749995693750504,106.78413547237076,0.021634615384615384,0.9499997987500337,4.725846702317284
image_0614_jpg.rf.abcbd4e117c318482756b05a54262110.jpg,2,4.2430550537230545,93.2525900900901,0.020432692307692308,0.2638887988040297,0.14481981981981562
image_062_1_jpg.rf.e476f233eed5da08f1324a643fbd47a3.jpg,2,3.111110807098796,65.50139687100894,0.025240384615384616,0.22222211419755,5.585169220945083
image_0637_jpg.rf.f943011e9e740ef79ef5fcec143e91ab.jpg,3,4.68434298597724,133.85444393372623,0.025641025641025644,,
image_0649_jpg.rf.6b5bd6dc50f55b67c56d6692d17c1379.jpg,7,2.319457094125728,129.5466768443877,0.040865384615384616,,
image_0655_jpg.rf.15738fc9406d4f42fa85947c0ff1d367.jpg,2,1.1851851412894392,138.56770833333331,0.06490384615384616,0.0,20.197916666666657
image_0694_jpg.rf.090c9114438d910eb1c81e71d309e236.jpg,3,2.33290581686337,86.74447994019373,0.03605769230769231,,
image_0707_jpg.rf.690dc5474e39a2360ddef03a2ad02d69.jpg,4,1.7884240708229182,117.11060281360729,0.038461538461538464,,
image_0708_jpg.rf.65c84295405a4fc56eb9f0e784056fc9.jpg,4,1.7080554620404373,87.5792597053189,0.046875,,
image_0711_jpg.rf.5d4f67e44840ecd30159ab37d137ce2e.jpg,2,2.8080355257095153,116.23184912081679,0.036057692307692304,0.2410713873565098,12.024673851389679
image_0712_jpg.rf.0fdc384624faa9ce30ad59138fc8013a.jpg,3,2.132905793615511,93.63551078551079,0.028044871794871796,,
image_0714_jpg.rf.b4fca0b52f9df49a8bdb92c760fcbba3.jpg,2,1.6461987414931136,87.55245120376699,0.04447115384615384,0.18128654471461303,2.6207754234069967
image_0718_jpg.rf.2fc934af3aae6fc64c2d85143a4017c2.jpg,3,2.8762623350073007,73.42497739188916,0.024839743589743588,,
image_0724_jpg.rf.c72cde0c4e91bb6e481a92963069d298.jpg,2,3.18749960156255,51.83773291925466,0.019230769230769232,0.6249999218750095,10.860248447204974
image_0732_jpg.rf.c0d02bf074dfd7b5fe53e64a2466ba81.jpg,3,1.4547007146241653,70.77584763071896,0.028846153846153844,,
image_0740_jpg.rf.74f29e705a40ad89d7f58d70b35d621e.jpg,2,3.184873740625676,63.457263655462185,0.037259615384615384,0.4873948860956223,14.49488445378151
image_0744_jpg.rf.0899d1166504c6f1ac8583785ee8ca29.jpg,2,1.2632849618485875,46.83393719806763,0.04927884615384615,0.08212561505519234,1.6099033816425106
image_0759_jpg.rf.1e7641377d06d5e7a53317a9ede7e51f.jpg,2,3.4423074162968668,113.6565379065379,0.030048076923076924,0.11538458407298302,3.281329781329788
image_0773_jpg.rf.396af290f276759d4e7fe6ee2c39aa85.jpg,2,4.366666205925975,100.92319347319346,0.022836538461538464,0.06666670814813802,1.5899766899766945
image_0785_jpg.rf.8094a5d2baf472065e9e1eec4eb371df.jpg,1,3.124999609375049,82.69,0.019230769230769232,,
image_0790_jpg.rf.c0e5874d033d4c7262d56c966f874169.jpg,3,3.8888883210979674,68.72220238095238,0.016826923076923076,,
image_0812_jpg.rf.5602c37d6eede8e1715d3780558b240d.jpg,1,4.166665972222338,86.69333333333333,0.014423076923076924,,
image_0814_jpg.rf.99e648267e791d0f20f90bb19c764c04.jpg,2,4.166666203703755,111.1792497625831,0.021634615384615384,0.3333332962963005,12.369895536562211
image_0835_jpg.rf.efc02e377f366ce5533734d12bcf76da.jpg,2,1.3702380281434272,90.17585253456221,0.04927884615384616,0.35952378871315305,4.603133640552997
image_0840_jpg.rf.d600e8e16419ded7d4eabe490fae01f4.jpg,5,2.5333330963131537,91.70813967641553,0.025961538461538463,,
image_0866_jpg.rf.b5543d8237cb4c0021d6e6e1cfc8362d.jpg,2,3.444444061728438,57.63044235458028,0.021634615384615384,0.44444439506173383,34.456287008011145
indoor_011_jpg.rf.ffa19070485bc930b66609f6d209b296.jpg,2,4.071427942176968,76.50685892172962,0.015625,0.14285721768704818,20.749828954570333
indoor_037_jpg.rf.99231ccfc532ed33a89eecacadd1af7b.jpg,0,,,,,
indoor_039_jpg.rf.6e3640b22737d91d265dde6e513a0ba0.jpg,2,2.3571425382653497,61.38240131578947,0.018028846153846152,0.7142855765306362,15.922697368421055
indoor_092_jpg.rf.9abbaca20c273195e0001b2e84dcf63f.jpg,3,4.21759213573822,93.67191726610332,0.023237179487179488,,
indoor_097_jpg.rf.083720c04db6aa55451d1c5ee631f562.jpg,2,1.6458332543402816,54.44161522633745,0.05048076923076923,0.29166667534722057,31.46656378600823
indoor_116_jpg.rf.e798ce66c42562b41ee3a92607ab44db.jpg,0,,,,,
indoor_168_jpg.rf.6f597c68a7923628e321ae016cf103d6.jpg,1,1.1999999200000053,117.58888888888889,0.036057692307692304,,
indoor_238_jpg.rf.150becec2970a0f9bdf00fe73f7ab5b6.jpg,2,2.9523807743764285,67.27387483206448,0.042067307692307696,0.38095228798186964,0.7133340797133911
indoor_272_jpg.rf.67bfa73ce94da083c1be4a6539bd5dee.jpg,6,1.5862071674001548,107.25248981038455,0.027243589743589744,,
outdoor_007_jpg.rf.0793fec00db4ed0e90c32e17c0f6612b.jpg,2,3.511904210600994,81.51452380952381,0.015625,1.3095235232426883,30.242380952380955
outdoor_049_jpg.rf.47008d6507e1e6d788faf0eee465a18c.jpg,1,2.4999995833334028,74.2,0.014423076923076924,,
outdoor_060_jpg.rf.423b814fc3ad6d2c52eaaf356227b82f.jpg,2,2.242856869591871,97.50503246753246,0.020432692307692308,0.08571417918369795,29.382792207792207
outdoor_084_jpg.rf.671b04103a998f3bb841cc6d0bf3cd29.jpg,2,4.068681017283563,50.07383527074454,0.03245192307692307,0.29120879196352956,9.32442598943097
outdoor_091_jpg.rf.1f8337722e69253a5d3849a1eb7029d6.jpg,1,1.899999810000019,74.5421052631579,0.02403846153846154,,
outdoor_153_jpg.rf.7de192cba17a3d0eb71792d2050fe36e.jpg,3,2.0930733372793653,76.39443542568542,0.020833333333333332,,
outdoor_158_jpg.rf.af20fa292b2cba4d93813f382de4c4c2.jpg,0,,,,,
outdoor_206_jpg.rf.cb47157e52fcf479335d4d56786b2b21.jpg,4,3.8762622116136565,104.60055114338326,0.02283653846153846,,
outdoor_235_jpg.rf.03e63aa3c0db8130917d429c775479ea.jpg,0,,,,,
outdoor_250_jpg.rf.a18ecde64c024fe36c495f70e4a5ffe4.jpg,3,5.787036378986701,38.07798228663446,0.021634615384615388,,
outdoor_256_jpg.rf.4ef27dae02cc293386c4b71ed4ded128.jpg,2,1.6675822938202,91.0341289145637,0.03245192307692307,0.049450536619974894,2.7639100030404364
outdoor_286_jpg.rf.eae0b153c227854d6846cec3d46acb2d.jpg,2,2.0256407501644067,46.25280448717949,0.022836538461538464,1.2820509441157792,8.776442307692307
